Level, Pohlig-Hellman, Shanks, Pollard-Rho
10000000000,0.00854998826981,0.216500008106,1.00154998302
100000000000,0.0382499933243,0.769400012493,3.71495000124
1000000000000,0.130500018597,2.31155000925,10.2428999662
10000000000000,0.617199981213,7.51040000916,31.3448499799
100000000000000,1.32860000134,0.00180000066757,113.276450014
